Question,OptionA,OptionB,OptionC,OptionD,OptionE,Correct Answer,Difficulty,,,,,
GRAP [ ? ] ACH,S,E,L,P,M,E,Level 1,0,1,0,0,0
CLAS [ ? ] HED,P,S,A,R,L,S,Level 1,0,1,0,0,0
PLAN [ ? ] AG,E,K,T,A,O,T,Level 1,0,0,1,0,0
STEA [ ? ] ARD,M,Y,L,K,R,L,Level 1,0,0,1,0,0
TRAI [ ? ] EAR,R,D,N,S,P,N,Level 1,0,0,1,0,0
SHEE [ ? ] EA,W,T,A,D,K,T,Level 1,0,1,0,0,0
GRO [ ? ] ARD,M,W,P,A,L,W,Level 1,0,1,0,0,0
FROS [ ? ] RUE,P,T,L,K,S,T,Level 1,0,1,0,0,0
BLIN [ ? ] REAM,K,D,G,S,P,D,Level 1,0,1,0,0,0
SPOR [ ? ] HOUGH,K,T,L,M,S,T,Level 1,0,1,0,0,0
FLAS [ ? ] EARD,T,H,P,K,S,H,Level 1,0,1,0,0,0
SHEL [ ? ] AMP,A,L,P,T,M,L,Level 1,0,1,0,0,0
SMEA [ ? ] ING,K,T,L,P,R,R,Level 1,0,0,0,0,1
CLIM [ ? ] ATH,P,B,T,L,S,B,Level 1,0,1,0,0,0
SWEE [ ? ] OP,D,T,K,L,M,T,Level 1,0,1,0,0,0
BREA [ ? ] EEP,Z,K,T,S,P,K,Level 1,0,1,0,0,0
BREEZ [ ? ] AR,F,T,L,P,E,E,Level 1,0,0,0,0,1
FREEZ [ ? ] AR,K,T,L,P,E,E,Level 1,0,0,0,0,1
SNEEZ [ ? ] AR,L,T,E,P,K,E,Level 1,0,0,1,0,0
SQUEEZ [ ? ] AR,P,T,L,P,E,E,Level 1,0,0,0,0,1
WHEEZ [ ? ] AR,T,E,L,P,K,E,Level 1,0,1,0,0,0
STAI [ ? ] ARE,P,A,R,S,T,R,Level 1,0,0,1,0,0
SHAR [ ? ] ALE,A,K,T,L,M,K,Level 1,0,1,0,0,0
BOAR [ ? ] IG,L,A,D,P,K,D,Level 1,0,0,1,0,0
FLOA [ ? ] AKE,K,P,T,L,S,T,Level 1,0,0,1,0,0
GREE [ ? ] OTE,M,T,L,P,K,T,Level 1,0,1,0,0,0
SCAR [ ? ] ACE,K,A,B,F,L,F,Level 1,0,0,0,1,0
BRIC [ ? ] ING,S,T,L,P,K,K,Level 1,0,0,0,0,1
CLEA [ ? ] ICE,N,A,B,L,P,N,Level 1,1,0,0,0,0
SHOR [ ? ] IN,M,K,A,P,T,T,Level 1,0,0,0,0,1
STAL [ ? ] EEN,T,P,K,L,M,K,Level 1,0,0,1,0,0
PLAN [ ? ] OOL,K,A,P,L,B,R,Level 1,0,0,0,0,0
DRIN [ ? ] EEN,K,P,T,L,S,K,Level 1,1,0,0,0,0
SPEA [ ? ] ING,P,T,A,K,S,K,Level 1,0,0,0,1,0
BRAI [ ? ] EAR,N,T,A,P,S,N,Level 1,1,0,0,0,0
SPOO [ ? ] OON,N,A,B,P,K,N,Level 1,1,0,0,0,0
TRUC [ ? ] EPT,K,T,L,P,S,K,Level 1,1,0,0,0,0
GRAI [ ? ] AP,N,T,A,B,S,N,Level 1,1,0,0,0,0
CHAI [ ? ] OPE,R,A,L,P,B,R,Level 1,1,0,0,0,0
STOO [ ? ] ID,L,P,A,B,M,L,Level 1,1,0,0,0,0
BROO [ ? ] AN,M,T,A,P,B,M,Level 1,1,0,0,0,0
SHEE [ ? ] AR,P,A,B,K,S,P,Level 1,1,0,0,0,0
CLOU [ ? ] RY,D,A,L,P,K,D,Level 1,1,0,0,0,0
SPOR [ ? ] AR,T,P,K,L,S,T,Level 1,1,0,0,0,0
SNAI [ ? ] OG,L,T,P,K,S,L,Level 1,1,0,0,0,0
STEA [ ? ] AT,K,T,A,P,S,K,Level 1,1,0,0,0,0
CROW [ ? ] UN,N,T,L,P,A,N,Level 1,1,0,0,0,0
SKIR [ ? ] OP,T,A,K,B,S,T,Level 1,1,0,0,0,0
SHIR [ ? ] AG,T,P,K,A,S,T,Level 1,1,0,0,0,0
SWIF [ ? ] AG,T,P,K,L,S,T,Level 1,1,0,0,0,0
TRAC [ ? ] ING,K,A,L,P,S,K,Level 1,1,0,0,0,0
STAL [ ? ] ACE,L,T,P,K,S,L,Level 1,1,0,0,0,0
SCOO [ ? ] ALE,B,T,K,L,S,T,Level 1,1,0,0,0,0
SHEE [ ? ] OP,T,A,K,B,S,T,Level 1,1,0,0,0,0
SCAL [ ? ] AR,E,A,B,K,C,E,Level 1,1,0,0,0,0
STOR [ ? ] AN,M,T,L,P,A,M,Level 1,1,0,0,0,0
STEA [ ? ] AN,L,T,P,A,S,L,Level 1,1,0,0,0,0
SPEN [ ? ] OME,T,P,K,L,S,T,Level 1,1,0,0,0,0
BLOO [ ? ] OOR,M,T,L,A,K,M,Level 1,1,0,0,0,0
CLOC [ ? ] EEP,K,T,L,P,S,K,Level 1,1,0,0,0,0
SCRE [ ? ] EST,W,T,P,K,L,W,Level 1,1,0,0,0,0
TREA [ ? ] OP,D,A,L,P,K,D,Level 1,1,0,0,0,0
SPAR [ ? ] ING,K,A,L,P,B,K,Level 1,1,0,0,0,0
SHAR [ ? ] ALE,E,T,A,B,L,E,Level 1,1,0,0,0,0
SPEE [ ? ] AR,D,T,A,P,K,D,Level 1,1,0,0,0,0
GRAS [ ? ] UN,P,T,L,K,A,P,Level 1,1,0,0,0,0
STAM [ ? ] ALE,P,T,K,L,S,P,Level 1,1,0,0,0,0
CLAM [ ? ] ALE,P,T,K,L,A,P,Level 1,1,0,0,0,0
SWEE [ ? ] AP,T,A,K,L,S,T,Level 1,1,0,0,0,0
SHOC [ ? ] EEP,T,K,L,P,S,K,Level 1,0,1,0,0,0
STIC [ ? ] ING,T,K,L,P,S,K,Level 1,0,1,0,0,0
FLOC [ ? ] ID,T,K,L,P,A,K,Level 1,0,1,0,0,0
BLAC [ ? ] ING,T,K,L,P,S,K,Level 1,0,1,0,0,0
CRAC [ ? ] EEP,T,K,L,P,S,K,Level 1,0,1,0,0,0
STRI [ ? ] AR,A,K,L,K,S,P,Level 1,0,0,0,0,0
SNAC [ ? ] ING,T,K,L,P,S,K,Level 1,0,1,0,0,0
STUC [ ? ] ING,T,K,L,P,S,K,Level 1,0,1,0,0,0
TRIC [ ? ] ING,K,T,L,P,S,K,Level 1,1,0,0,0,0
SPUN [ ? ] ING,K,T,L,P,S,K,Level 1,1,0,0,0,0
SLAC [ ? ] EEP,K,T,L,P,S,K,Level 1,1,0,0,0,0
STAC [ ? ] ING,K,T,L,P,S,K,Level 1,1,0,0,0,0
SHAC [ ? ] EEP,K,T,L,P,S,K,Level 1,1,0,0,0,0
SMAC [ ? ] ING,K,T,L,P,S,K,Level 1,1,0,0,0,0
CLIC [ ? ] EEP,K,T,L,P,S,K,Level 1,1,0,0,0,0
SPEA [ ? ] AR,R,T,A,P,K,R,Level 1,1,0,0,0,0
SHEA [ ? ] AP,R,A,B,P,K,R,Level 1,1,0,0,0,0
CLEA [ ? ] AP,R,A,L,P,K,R,Level 1,1,0,0,0,0
SWEA [ ? ] AP,R,A,B,P,K,R,Level 1,1,0,0,0,0
STRIP [ ? ] AR,E,A,L,P,K,E,Level 1,1,0,0,0,0
SPIN [ ? ] AR,E,T,L,P,K,E,Level 1,1,0,0,0,0
STON [ ? ] AR,L,T,E,P,K,E,Level 1,0,0,1,0,0
SHON [ ? ] AR,L,T,E,P,K,E,Level 1,0,0,1,0,0
SCON [ ? ] AR,L,T,E,P,K,E,Level 1,0,0,1,0,0
SLOP [ ? ] AR,L,T,E,P,K,E,Level 1,0,0,1,0,0
SKAT [ ? ] AR,L,T,E,P,K,E,Level 1,0,0,1,0,0
STAT [ ? ] AR,L,T,E,P,K,E,Level 1,0,0,1,0,0
STAG [ ? ] AR,L,T,E,P,K,E,Level 1,0,0,1,0,0
SPAD [ ? ] AR,L,T,E,P,K,E,Level 1,0,0,1,0,0
SHAD [ ? ] AR,L,T,E,P,K,E,Level 1,0,0,1,0,0
SCAL [ ? ] AR,A,B,E,C,K,E,Level 1,0,0,1,0,0
SHAR [ ? ] AR,L,T,E,A,K,E,Level 1,0,0,1,0,0
SPAR [ ? ] AR,L,A,E,P,K,E,Level 1,0,0,1,0,0
STAR [ ? ] AR,E,A,L,P,K,E,Level 1,1,0,0,0,0
SCAR [ ? ] AR,E,A,L,B,K,E,Level 1,1,0,0,0,0
SNAR [ ? ] AR,E,T,A,P,K,E,Level 1,1,0,0,0,0
STAL [ ? ] AR,E,T,A,P,K,E,Level 1,1,0,0,0,0
SHAL [ ? ] AR,E,A,B,P,K,E,Level 1,1,0,0,0,0
WHAL [ ? ] AR,E,T,L,A,K,E,Level 1,1,0,0,0,0
SHAM [ ? ] AR,E,T,L,P,K,E,Level 1,1,0,0,0,0
FRAM [ ? ] AR,E,T,L,P,K,E,Level 1,1,0,0,0,0
BLAM [ ? ] AR,E,T,L,P,K,E,Level 1,1,0,0,0,0
FLAM [ ? ] AR,E,T,L,P,K,E,Level 1,1,0,0,0,0
CRAN [ ? ] AR,T,E,L,P,K,E,Level 1,0,1,0,0,0
PLAN [ ? ] AR,A,E,L,P,K,E,Level 1,0,1,0,0,0
GRAP [ ? ] AR,T,E,L,P,K,E,Level 1,0,1,0,0,0
DRAP [ ? ] AR,T,E,L,P,K,E,Level 1,0,1,0,0,0
SHAP [ ? ] AR,T,E,L,P,K,E,Level 1,0,1,0,0,0
SCRAP [ ? ] AR,T,E,L,P,K,E,Level 1,0,1,0,0,0
GRAT [ ? ] AR,T,E,L,P,K,E,Level 1,0,1,0,0,0
PLAT [ ? ] AR,A,E,L,P,K,E,Level 1,0,1,0,0,0
SLAT [ ? ] AR,T,E,L,P,K,E,Level 1,0,1,0,0,0
CRAT [ ? ] AR,T,E,L,P,K,E,Level 1,0,1,0,0,0
SKAT [ ? ] AR,T,E,L,P,K,E,Level 1,0,1,0,0,0
STAT [ ? ] AR,T,E,L,P,K,E,Level 1,0,1,0,0,0
STAV [ ? ] AR,T,E,L,P,K,E,Level 1,0,1,0,0,0
SHAV [ ? ] AR,E,T,L,P,K,E,Level 1,1,0,0,0,0
CRAV [ ? ] AR,E,T,L,P,K,E,Level 1,1,0,0,0,0
BRAV [ ? ] AR,E,T,L,P,K,E,Level 1,1,0,0,0,0
GRAV [ ? ] AR,E,T,L,P,K,E,Level 1,1,0,0,0,0
BLAZ [ ? ] AR,E,T,L,P,K,E,Level 1,1,0,0,0,0
GRAZ [ ? ] AR,E,T,L,P,K,E,Level 1,1,0,0,0,0
CRAZ [ ? ] AR,E,T,L,P,K,E,Level 1,1,0,0,0,0
PRIZ [ ? ] AR,E,T,L,P,K,E,Level 1,1,0,0,0,0
SEIZ [ ? ] AR,E,T,L,P,K,E,Level 1,1,0,0,0,0
MAIZ [ ? ] AR,E,T,L,P,K,E,Level 1,1,0,0,0,0
CHEA [ ? ] AR,R,P,K,L,M,P,Level 2,0,1,0,0,0
SLEE [ ? ] AR,N,A,S,L,M,K,Level 2,0,0,0,0,0
STRE [ ? ] EST,S,A,W,L,B,W,Level 2,0,0,1,0,0
SMA [ ? ] OG,R,L,T,P,K,L,Level 2,0,1,0,0,0
STEE [ ? ] AD,A,T,K,L,S,L,Level 2,0,0,0,1,0
BRI [ ? ] AR,A,C,L,P,K,B,Level 2,0,0,0,0,0
CRI [ ? ] AR,E,A,L,D,K,B,Level 2,0,0,0,0,0
GLI [ ? ] AR,E,T,L,P,K,B,Level 2,0,0,0,0,0
TRI [ ? ] AR,E,A,L,C,K,B,Level 2,0,0,0,0,0
SCRU [ ? ] AR,E,T,L,P,K,B,Level 2,0,0,0,0,0
SHRU [ ? ] AR,E,T,L,P,K,B,Level 2,0,0,0,0,0
CLU [ ? ] AR,A,T,L,P,K,B,Level 2,0,0,0,0,0
STU [ ? ] AR,A,C,L,P,K,B,Level 2,0,0,0,0,0
SNO [ ? ] AR,E,A,L,C,K,B,Level 2,0,0,0,0,0
THRO [ ? ] AR,A,T,L,P,K,B,Level 2,0,0,0,0,0
BLO [ ? ] AR,E,A,L,P,K,B,Level 2,0,0,0,0,0
GLO [ ? ] AR,E,T,L,A,K,B,Level 2,0,0,0,0,0
KNO [ ? ] AR,E,A,L,C,K,B,Level 2,0,0,0,0,0
SWA [ ? ] AR,E,A,L,C,K,B,Level 2,0,0,0,0,0
SCA [ ? ] AR,E,A,L,C,K,B,Level 2,0,0,0,0,0
SLA [ ? ] AR,A,C,L,F,K,B,Level 2,0,0,0,0,0
CRA [ ? ] AR,E,T,L,A,K,B,Level 2,0,0,0,0,0
GRA [ ? ] AR,E,A,L,P,K,B,Level 2,0,0,0,0,0
STA [ ? ] AR,E,A,L,C,K,B,Level 2,0,0,0,0,0
SQUI [ ? ] AR,E,A,L,P,K,B,Level 2,0,0,0,0,0
LIM [ ? ] AR,A,T,L,C,K,B,Level 2,0,0,0,0,0
LAM [ ? ] AR,A,T,L,C,K,B,Level 2,0,0,0,0,0
NUM [ ? ] AR,E,T,L,A,K,B,Level 2,0,0,0,0,0
DUM [ ? ] AR,E,T,L,A,K,B,Level 2,0,0,0,0,0
THUM [ ? ] AR,E,T,L,A,K,B,Level 2,0,0,0,0,0
PLUM [ ? ] AR,A,T,L,C,K,B,Level 2,0,0,0,0,0
CRUM [ ? ] AR,E,T,L,A,K,B,Level 2,0,0,0,0,0
CLI [ ? ] AR,E,A,L,P,K,P,Level 2,0,0,0,1,0
FLI [ ? ] AR,E,A,L,P,K,P,Level 2,0,0,0,1,0
SLI [ ? ] AR,E,A,L,P,K,P,Level 2,0,0,0,1,0
SKI [ ? ] AR,E,A,B,P,K,P,Level 2,0,0,0,1,0
DRI [ ? ] AR,A,T,L,P,K,P,Level 2,0,0,0,1,0
TRI [ ? ] AR,E,A,L,P,K,P,Level 2,0,0,0,1,0
STR [ ? ] AR,A,T,L,P,K,P,Level 2,0,0,0,1,0
WHI [ ? ] AR,E,A,L,P,K,P,Level 2,0,0,0,1,0
CHI [ ? ] AR,E,A,B,P,K,P,Level 2,0,0,0,1,0
SHI [ ? ] AR,E,A,L,P,K,P,Level 2,0,0,0,1,0
SLA [ ? ] AR,A,C,L,P,K,P,Level 2,0,0,0,1,0
CLA [ ? ] AR,E,A,L,P,K,P,Level 2,0,0,0,1,0
FLA [ ? ] AR,E,A,L,P,K,P,Level 2,0,0,0,1,0
SNA [ ? ] AR,E,T,L,P,K,P,Level 2,0,0,0,1,0
TRA [ ? ] AR,E,T,L,P,K,P,Level 2,0,0,0,1,0
STA [ ? ] AR,E,A,L,P,K,P,Level 2,0,0,0,1,0
SWA [ ? ] AR,E,A,L,P,K,P,Level 2,0,0,0,1,0
STE [ ? ] AR,E,A,L,P,K,P,Level 2,0,0,0,1,0
STO [ ? ] AR,E,A,L,P,K,P,Level 2,0,0,0,1,0
PRO [ ? ] AR,E,T,L,P,K,P,Level 2,0,0,0,1,0
CRO [ ? ] AR,E,T,L,P,K,P,Level 2,0,0,0,1,0
DRO [ ? ] AR,E,T,L,P,K,P,Level 2,0,0,0,1,0
SHO [ ? ] AR,A,B,L,P,K,P,Level 2,0,0,0,1,0
CHO [ ? ] AR,E,T,A,P,K,P,Level 2,0,0,0,1,0
SLO [ ? ] AR,A,C,L,P,K,P,Level 2,0,0,0,1,0
PLO [ ? ] AR,E,A,L,P,K,P,Level 2,0,0,0,1,0
FLO [ ? ] AR,A,D,L,P,K,P,Level 2,0,0,0,1,0
GLO [ ? ] AR,E,T,L,P,K,P,Level 2,0,0,0,1,0
HOO [ ? ] AR,E,A,B,P,K,P,Level 2,0,0,0,1,0
COO [ ? ] AR,E,A,B,P,K,P,Level 2,0,0,0,1,0
LOO [ ? ] AR,E,A,L,P,K,P,Level 2,0,0,0,1,0
SCOO [ ? ] AR,E,A,L,P,K,P,Level 2,0,0,0,1,0
STOO [ ? ] AR,E,A,B,P,K,P,Level 2,0,0,0,1,0
TROO [ ? ] AR,E,A,L,P,K,P,Level 2,0,0,0,1,0
DROO [ ? ] AR,E,T,A,P,K,P,Level 2,0,0,0,1,0
SWOO [ ? ] AR,E,T,L,P,K,P,Level 2,0,0,0,1,0
SNOO [ ? ] AR,E,A,B,P,K,P,Level 2,0,0,0,1,0
WHOO [ ? ] AR,E,A,L,P,K,P,Level 2,0,0,0,1,0
JEE [ ? ] AR,E,T,A,P,K,P,Level 2,0,0,0,1,0
DEE [ ? ] AR,E,T,L,P,K,P,Level 2,0,0,0,1,0
KEE [ ? ] AR,E,A,B,P,K,P,Level 2,0,0,0,1,0
PEE [ ? ] AR,E,T,A,P,K,P,Level 2,0,0,0,1,0
SEE [ ? ] AR,E,T,A,P,K,P,Level 2,0,0,0,1,0
WEE [ ? ] AR,E,A,B,P,K,P,Level 2,0,0,0,1,0
SHEE [ ? ] AR,E,A,B,P,K,P,Level 2,0,0,0,1,0
SLEE [ ? ] AR,E,A,L,P,K,P,Level 2,0,0,0,1,0
STEE [ ? ] AR,E,T,A,K,P,P,Level 2,0,0,0,0,1
SWEE [ ? ] AR,E,A,L,K,P,P,Level 2,0,0,0,0,1
CREE [ ? ] AR,E,T,A,K,P,P,Level 2,0,0,0,0,1
CHEA [ ? ] AR,E,A,L,K,P,P,Level 2,0,0,0,0,1
HEA [ ? ] AR,E,A,B,K,P,P,Level 2,0,0,0,0,1
LEA [ ? ] AR,E,A,B,K,P,P,Level 2,0,0,0,0,1
REA [ ? ] AR,E,T,A,K,P,P,Level 2,0,0,0,0,1
LAM [ ? ] AR,A,T,L,K,P,P,Level 2,0,0,0,0,1
DAM [ ? ] AR,A,T,L,K,P,P,Level 2,0,0,0,0,1
RAM [ ? ] AR,A,T,L,K,P,P,Level 2,0,0,0,0,1
VAM [ ? ] AR,E,T,L,K,P,P,Level 2,0,0,0,0,1
CAM [ ? ] AR,A,T,L,K,P,P,Level 2,0,0,0,0,1
SAM [ ? ] AR,A,T,L,K,P,P,Level 2,0,0,0,0,1
TRAM [ ? ] AR,A,T,L,K,P,P,Level 2,0,0,0,0,1
CRAM [ ? ] AR,E,T,L,K,P,P,Level 2,0,0,0,0,1
STAM [ ? ] AR,E,T,L,K,P,P,Level 2,0,0,0,0,1
SCAM [ ? ] AR,E,T,L,K,P,P,Level 2,0,0,0,0,1
SWAM [ ? ] AR,E,T,L,K,P,P,Level 2,0,0,0,0,1
CHAM [ ? ] AR,E,T,L,K,P,P,Level 2,0,0,0,0,1
CLAM [ ? ] AR,A,T,L,K,P,P,Level 2,0,0,0,0,1
LIM [ ? ] AR,A,T,L,P,K,P,Level 2,0,0,0,1,0
IMP [ ? ] AR,E,T,L,P,K,P,Level 2,0,0,0,1,0
PIM [ ? ] AR,E,T,L,P,K,P,Level 2,0,0,0,1,0
SIM [ ? ] AR,A,T,L,P,K,P,Level 2,0,0,0,1,0
DIM [ ? ] AR,A,T,L,P,K,P,Level 2,0,0,0,1,0
RIM [ ? ] AR,A,T,L,P,K,P,Level 2,0,0,0,1,0
BLIM [ ? ] AR,T,E,P,L,K,P,Level 2,0,0,1,0,0
CRIM [ ? ] AR,A,T,L,P,K,P,Level 2,0,0,0,1,0
PRIM [ ? ] AR,A,T,P,L,K,P,Level 2,0,0,1,0,0
TRIM [ ? ] AR,E,T,L,P,K,P,Level 2,0,0,0,1,0
SHRIM [ ? ] AR,E,T,L,P,K,P,Level 2,0,0,0,1,0
SKIM [ ? ] AR,A,T,L,P,K,P,Level 2,0,0,0,1,0
SCRIM [ ? ] AR,A,T,L,P,K,P,Level 2,0,0,0,1,0
ROU [ ? ] AR,A,C,L,P,K,P,Level 2,0,0,0,1,0
SOU [ ? ] AR,E,T,A,P,K,P,Level 2,0,0,0,1,0
COU [ ? ] AR,A,T,B,P,K,P,Level 2,0,0,0,1,0
GROU [ ? ] AR,E,A,L,K,P,P,Level 2,0,0,0,0,1
TROU [ ? ] AR,A,B,L,P,K,P,Level 2,0,0,0,1,0
STU [ ? ] AR,A,C,L,K,P,P,Level 2,0,0,0,0,1
HUM [ ? ] AR,A,T,L,P,K,P,Level 2,0,0,0,1,0
BUM [ ? ] AR,E,T,L,P,K,P,Level 2,0,0,0,1,0
DUM [ ? ] AR,E,T,L,P,K,P,Level 2,0,0,0,1,0
JUM [ ? ] AR,E,T,L,K,P,P,Level 2,0,0,0,0,1
LUM [ ? ] AR,E,T,L,P,K,P,Level 2,0,0,0,1,0
PUM [ ? ] AR,A,T,L,P,K,P,Level 2,0,0,0,1,0
RUM [ ? ] AR,A,T,L,K,P,P,Level 2,0,0,0,0,1
SUM [ ? ] AR,E,T,L,P,K,P,Level 2,0,0,0,1,0
PLUM [ ? ] AR,A,T,L,P,K,P,Level 2,0,0,0,1,0
SLUM [ ? ] AR,E,T,L,K,P,P,Level 2,0,0,0,0,1
CLUM [ ? ] AR,E,T,L,P,K,P,Level 2,0,0,0,1,0
GRUM [ ? ] AR,A,T,L,P,K,P,Level 2,0,0,0,1,0
STUM [ ? ] AR,E,T,L,K,P,P,Level 2,0,0,0,0,1
THUM [ ? ] AR,E,T,L,P,K,P,Level 2,0,0,0,1,0
TRAI [ ? ] AG,L,A,B,P,S,L,Level 2,1,0,0,0,0
STRE [ ? ] EAR,M,A,L,B,K,M,Level 2,1,0,0,0,0
GRA [ ? ] ARD,Y,M,P,T,L,Y,Level 2,1,0,0,0,0
SNO [ ? ] EST,W,A,C,K,L,W,Level 2,1,0,0,0,0
SMEA [ ? ] ACE,R,T,L,P,K,R,Level 2,1,0,0,0,0
STE [ ? ] AP,L,A,M,B,K,M,Level 2,0,0,1,0,0
SLA [ ? ] AP,L,A,M,C,K,M,Level 2,0,0,1,0,0
CLA [ ? ] AP,L,A,M,B,K,M,Level 2,0,0,1,0,0
TRA [ ? ] AP,L,T,M,A,K,M,Level 2,0,0,1,0,0
GRA [ ? ] AP,L,A,M,P,K,M,Level 2,0,0,1,0,0
SWA [ ? ] AP,L,A,M,C,K,M,Level 2,0,0,1,0,0
SHA [ ? ] AP,L,A,M,C,K,M,Level 2,0,0,1,0,0
CHA [ ? ] AP,A,E,M,F,K,M,Level 2,0,0,1,0,0
FLA [ ? ] AP,L,A,M,C,K,M,Level 2,0,0,1,0,0
DRA [ ? ] AP,L,A,M,P,K,M,Level 2,0,0,1,0,0
SCRA [ ? ] AP,M,A,L,C,K,M,Level 2,1,0,0,0,0
STEAM [ ? ] AW,M,P,Y,L,K,Y,Level 3,0,0,1,0,0

,,,,,,,,76,37,34,74,32
